manager,Aditya,aaditya123,yara567@gmail.com,9933952650,321aytidaa
sales_clerk,Aditya,aaditya123,yara567@gmail.com,9933952650,321aytidaa
employee,Aditya,aaditya123,yara567@gmail.com,9933952650,321aytidaa
manager,Sneha,sneha456,guptacraze@gmail.com,9933912650,654ahens
sales_clerk,Sneha,sneha456,guptacraze@gmail.com,9933912650,654ahens
employee,Sneha,sneha456,guptacraze@gmail.com,9933912650,654ahens
manager,Baburam,baburam789,manishanand12345@gmail.com,9933942650,987marubab
sales_clerk,Baburam,baburam789,manishanand12345@gmail.com,9933942650,987marubab
employee,Baburam,baburam789,manishanand12345@gmail.com,9933942650,987marubab
manager,Preeti,preeti123,harshiitkgp@gmail.com,9933932650,321iteerp
sales_clerk,Preeti,preeti123,harshiitkgp@gmail.com,9933932650,321iteerp
employee,Preeti,preeti123,harshiitkgp@gmail.com,9933932650,321iteerp
manager,Vinayak,vinayak456,yara567@gmail.com,9933952650,654kayaniv
sales_clerk,Vinayak,vinayak456,yara567@gmail.com,9933952650,654kayaniv
employee,Vinayak,vinayak456,yara567@gmail.com,9933952650,654kayaniv
manager,YashJain,E1001,yash12@gmail.com,9933992650,yas123
employee,PranjalKumar,E1002,pranjal345@gmail.com,9933992650,pral123
