Fond - Chocolate,1,Cookie Choc,55,71,100,38
Muffin Batt - Ban Dream Zero,2,Kaffir Lime Leaves,57,80,47,86
Wine - Cabernet Sauvignon,3,Yoghurt Tubes,22,92,98,34
Coconut - Creamed Pure,4,Tomatoes - Vine Ripe Yellow,27,23,13,60
Soup Campbells Beef With Veg,5,Flour - Masa De Harina Mexican,77,52,51,64
Pate - Cognac,6,Beans - Kidney Canned,98,18,19,49
Tomatoes - Grape,7,Ecolab - Mikroklene 4/4 L,36,61,47,18
Ecolab - Solid Fusion,8,Soup Bowl Clear 8oz92008,85,51,58,50
Muffin Orange Individual,9,Versatainer Nc - 9388,34,60,64,26
Vinegar - White Wine,10,Arctic Char - Fresh Whole,53,74,52,7
